-0.9991,1.7133,-1.3589,1.8273,-1.9341,0.373,0.2782,-1.6138
-3.2194,0.3375,-1.0849,1.9091,-3.0915,-1.403,-1.2242,0.2811
0.0897,1.1192,-0.3048,-0.9649,-1.5293,1.2167,-1.3733,-2.1553
0.0317,1.124,-0.4433,-0.6304,-0.5494,-0.0659,-1.1853,-1.1579
-1.1212,-0.8979,0.659,0.6852,-0.1667,-1.6086,1.1084,1.1678
3.2418,0.9531,1.4424,-5.2012,1.8077,1.1251,-2.7107,-2.2059
0.8713,1.3591,-0.3212,-0.7831,0.1986,0.3943,-0.8942,-1.2231
2.5154,-0.2123,2.7317,-4.2053,1.0256,1.1565,-0.3862,-1.7209
-2.5266,-0.6361,-2.1856,2.7418,-2.8234,1.8378,-2.3292,1.3372
-2.1415,0.0807,-3.3585,4.3837,-2.8149,3.0494,-1.1115,0.6634
2.0717,1.5817,-0.1967,-1.7931,0.2493,2.1028,-0.8056,-2.7267
-0.2281,2.493,-1.995,2.1538,-0.8956,0.4331,0.2008,-1.5118
-1.7243,0.6542,-2.1179,3.1414,-0.3695,-1.3665,0.0366,1.4496
0.1379,-0.1578,-0.2541,0.186,1.2828,-1.5079,1.0376,0.485
2.9211,2.6072,-0.4755,-1.0551,1.8647,0.8058,1.2293,-3.0048
-1.4055,-0.9416,0.6062,0.8203,-0.2484,-2.3377,2.0236,0.7334
2.448,2.2126,-0.2613,-1.1939,0.8488,1.6701,0.2422,-2.847
0.9508,1.8042,-0.2419,-0.5116,-0.8622,1.3382,0.4676,-3.0265
-1.9271,-2.2268,1.7576,-0.9234,-1.1855,-2.9533,2.9306,-0.6039
2.6431,0.9764,0.943,-3.9167,0.9342,1.6304,-1.8453,-2.4991
-2.8537,0.7337,-2.4779,4.3416,-2.2703,-0.3441,-0.3514,1.2878
2.6884,1.8594,-0.3595,-1.4192,1.6704,1.3711,-0.0942,-2.0986
-0.26,-0.9181,0.3988,0.4616,1.3529,-1.873,1.2617,1.6673
-1.4497,0.5918,-1.813,2.0377,-1.6919,0.7134,-1.1562,0.1488
-0.9968,-0.823,0.3036,-0.8536,-2.1867,1.4745,-2.0091,-0.372
1.6223,1.9994,0.5501,-2.149,0.0449,0.2448,0.1992,-3.3375
-0.6905,1.8612,-1.8282,4.3132,1.7404,-2.1938,0.2382,3.4493
1.9989,0.1202,1.345,-0.5107,3.3605,-0.9289,0.5173,2.2345
2.5842,0.3884,2.133,-3.1392,0.7559,2.5544,-1.768,-0.8494
0.4621,1.965,-0.2986,-0.1823,-0.635,-0.0136,0.5583,-2.4679
1.5016,0.5405,0.7835,-0.8531,1.5399,0.2659,-0.4114,0.5054
0.7961,-1.9255,0.7407,0.144,2.9834,-1.0146,0.9489,3.2949
0.0175,-3.209,1.9052,-1.458,1.8109,-2.0583,2.5703,1.5334
-1.7225,-0.3791,-0.6172,0.7093,-1.5314,-1.1339,0.6344,-0.625
-3.9942,-0.8236,-2.1805,3.9546,-4.7849,1.7441,-1.0881,0.6146
1.0283,-0.3792,2.0607,-2.7263,-0.3355,0.8691,-0.1823,-1.4653
2.3735,-0.5132,2.5635,-3.5884,1.3525,1.1564,-0.5077,-0.6999
-0.3177,1.4405,-2.3598,2.5183,-1.1263,1.7648,0.1906,-1.1117
-2.6398,-1.5277,-0.2473,2.3552,-1.2989,-1.806,1.5724,1.6975
1.8794,-0.3025,1.8122,-0.7783,3.5562,-1.7865,1.6054,2.0524
-0.5986,0.9482,-0.7789,0.1928,-1.1639,0.0899,-1.0637,-0.9174
-1.6083,1.0638,-2.0949,2.8597,-1.5167,0.1462,-0.5881,0.3269
2.6113,-0.1296,1.4851,-1.0212,3.5462,0.3287,-0.2826,2.3965
-2.6101,-1.6465,-0.2395,3.6399,0.0275,-2.5784,1.6985,4.0298
1.2838,2.3923,-0.1108,-0.6082,0.8713,-1.0275,0.913,-2.1639
0.0317,0.3955,-2.3269,1.4726,-0.8678,3.3439,-2.5757,0.3423
-0.8137,-0.6261,0.3503,-0.4655,-0.8845,-0.8904,1.018,-0.9601
-0.4828,-0.7638,2.0757,-1.8043,-1.264,-0.7448,0.9509,-1.3169
-2.0151,-1.1642,-0.6633,2.0327,0.1589,-3.1072,2.3098,1.488
0.3332,0.4899,0.0292,-0.814,-0.5266,0.8121,-0.9121,-0.9843
-1.0468,-2.1873,0.9033,0.0053,0.0956,-1.4555,1.6956,1.1589
-1.8358,-2.664,1.979,-0.4606,-1.4621,-1.2778,1.7654,0.6453
-4.0284,-1.8092,-0.2475,1.7267,-2.956,-3.2027,2.3267,-0.085
-2.2365,0.121,-1.7648,3.0764,-2.7319,1.1579,-0.2892,0.1974
-1.1397,-0.084,-0.9297,0.6576,-0.4747,-1.5638,0.868,-0.5001
-0.4823,1.1845,-0.3257,-0.3676,-0.795,-0.8343,-1.0612,-0.9273
1.4046,-0.1948,2.0737,-1.7853,1.2755,-0.3473,0.8843,-0.1012
1.5983,0.1375,0.2487,-2.3504,-0.4549,2.8329,-1.1055,-2.4499
2.1549,-2.4275,2.4559,-2.4452,3.5289,-0.4783,1.1681,2.1467
-0.9483,-0.5616,0.6289,-0.9823,-1.3911,-0.7423,0.3648,-1.2267
-0.7994,-2.9524,2.2396,-0.7577,0.8822,-2.5407,2.878,1.622
0.5339,-3.0881,2.3873,-2.7961,1.0874,-0.8665,2.1054,0.0185
-2.9774,0.194,-2.5483,3.3839,-3.447,1.35,-1.9562,0.6635
-2.779,-2.0338,-0.1056,2.3433,-0.899,-2.5132,2.2147,2.0377
-0.7438,-1.7394,0.7865,-0.9188,-1.1111,0.65,-0.4451,0.1875
-2.1987,-0.1312,-3.383,4.2983,-3.5018,4.1039,-1.4458,0.2878
0.8497,0.9467,0.5987,-2.1169,-0.7142,0.9433,-1.2336,-2.168
0.1958,-1.4956,-0.1293,0.6095,2.3139,-1.3972,1.0965,2.4613
0.9366,0.8526,0.9087,-2.3817,-0.3761,0.4539,-1.0739,-1.9761
-0.9882,0.2806,-0.4297,-0.2334,-1.4161,-0.1978,-1.2377,-0.6674
0.5536,1.2083,1.1452,-2.0969,0.1733,-1.7719,0.1822,-1.8563
-1.1832,0.2175,-1.8195,1.8927,0.2502,-1.8545,0.8441,0.5268
-0.5175,0.9305,-1.0389,1.35,-1.1151,0.6598,0.1517,-0.8424
1.778,2.9558,-0.8777,-0.6286,1.3607,-0.1183,-1.2863,-1.3491
1.8283,-2.0688,3.407,-2.6478,1.8753,0.6993,0.4037,1.6266
1.2126,-2.6296,1.9359,-0.8199,3.6022,-1.4243,1.5024,3.625
0.405,-0.2276,0.7135,1.4549,1.9823,-0.7417,0.1732,3.4353
0.4939,-0.0444,2.3372,-4.1693,-0.9624,-0.3045,-1.7211,-2.037
-1.2941,1.724,-2.1294,2.8079,-1.8281,0.26,0.6272,-1.2827
1.8157,-1.0286,1.9208,-1.3994,2.9096,-0.6322,0.8736,1.8323
1.7955,-0.9683,1.524,-2.4203,2.1519,-0.0964,0.1661,0.3795
-2.8998,-0.2314,-3.042,4.2035,-3.2105,2.1133,-1.6052,1.1963
-2.1615,-0.5133,0.0738,-0.3515,-2.6319,-0.2228,-2.606,0.3033
2.1116,2.9278,-0.9899,-0.3147,1.8452,-0.4036,0.5091,-2.0239
-2.1308,-0.3158,0.1927,0.1112,-2.8788,-0.2291,-1.0715,-0.5304
-1.5884,0.9888,-0.7815,1.1666,-1.5534,-1.1351,-0.6245,-0.236
2.4139,3.5714,-0.2655,-0.7642,1.2031,-0.2749,1.7323,-3.7385
1.2357,-1.9776,2.3602,-2.5117,1.3334,0.1039,0.9255,0.3965
-0.3317,0.0887,-0.6844,0.064,-0.8733,1.1795,-1.7768,0.0451
-1.2102,-1.304,-1.4668,2.4006,2.3729,-3.8259,2.4579,2.8485
-3.1784,-1.8796,-1.7045,2.7291,-0.933,-2.7407,1.6503,1.6874
-0.1233,0.8728,-0.672,0.2917,0.1762,-0.519,-1.1287,0.3244
1.9021,2.4657,-0.6488,-1.0431,1.0632,0.2469,-0.1854,-2.3766
0.1121,-0.0805,-0.8017,2.821,2.9343,-1.7689,0.6741,4.1841
-0.9088,0.4919,-1.1982,0.1165,-1.3641,0.8791,-3.309,0.3592
-2.1249,-0.666,0.1379,-0.0653,-2.0077,-2.3395,1.9692,-1.761
0.1065,-3.2229,2.9508,-2.5214,0.6456,-0.9331,1.8423,0.7065
-1.398,-1.1051,0.0726,1.5586,0.5366,-2.6727,2.1372,1.7292
0.9218,2.1905,-0.2007,-0.1961,0.3974,-0.7204,0.9043,-2.0178
0.7805,1.2643,0.7693,0.023,0.0465,1.0129,-1.3158,0.5135
3.1021,1.9234,0.2724,-2.9888,0.8451,2.6958,-1.585,-3.0606
-0.5225,0.5684,-0.967,0.8313,-1.3371,1.1217,-0.5325,-0.8398
-5.1631,-1.6491,-2.7955,4.2866,-2.9405,-3.649,2.3035,0.8753
-0.9332,-0.0593,0.1983,-1.0133,-0.9218,-0.9238,-1.819,0.0475
-0.4539,-2.4403,1.3641,-1.1569,0.524,-1.4686,1.9099,0.5335
0.1038,-2.7902,3.9008,-3.5277,-0.8933,0.1606,1.154,-0.6716
0.704,1.3127,-0.5592,-0.6209,-0.132,0.6381,-0.8263,-1.4934
-0.6462,-1.1104,1.3711,-0.1112,-0.3198,-0.9009,1.2953,0.5773
0.1282,-0.2605,-0.2302,-1.0691,-0.1636,0.0271,-0.0471,-1.1853
0.027,0.1326,0.1494,2.4856,1.6452,-0.3204,-0.6111,4.1719
3.8269,2.9442,0.4953,-3.1287,2.4027,0.4253,0.5863,-3.849
-0.3566,-3.9257,2.2558,-0.7156,2.1627,-2.5509,3.2041,2.8755
-1.1388,1.0943,-2.9724,3.4053,-1.855,2.1043,-0.3017,-0.5456
-1.7157,1.7836,-2.7637,3.4623,-1.6321,-0.0337,-0.485,-0.0731
-0.093,-1.7669,2.3648,-2.1003,-0.8758,0.3944,0.4125,-0.3804
0.3673,0.7895,-0.9913,0.1501,-0.5373,1.6045,-1.1202,-0.8818
0.615,-2.3005,2.8557,-2.1264,0.9029,-0.523,1.6309,0.692
1.527,-0.371,2.4848,-2.6142,0.486,0.7923,0.065,-0.7107
2.1355,1.8366,0.167,-2.3507,0.3993,1.3503,-0.775,-3.0006
3.4855,-0.2683,2.8366,-4.0602,2.1856,2.156,-1.0328,-0.4655
3.4203,-0.7593,3.7284,-3.6711,3.2898,0.7478,-0.2635,1.2935
-1.5533,-3.8722,1.9995,-1.2579,-0.8163,-1.4025,2.6705,0.3747
-0.6994,-3.2166,3.7796,-1.7349,-0.9797,-0.1283,1.8136,0.9266
4.7194,0.2453,2.745,-3.7781,4.2061,2.1462,-1.4423,1.0083
-1.8273,0.3267,-1.367,1.9589,-2.9774,1.4774,-0.5515,-0.8654
-1.0544,-1.9025,-0.084,0.7533,0.9616,-2.2744,1.941,1.6202
2.9796,2.4598,0.7462,-2.0115,1.8062,1.1872,-1.3762,-1.2939
-1.1761,0.1631,-0.4595,0.5734,-0.9927,-1.2355,0.7159,-0.7095
-1.8255,0.3303,-1.8987,3.3088,0.1215,-2.28,1.0344,1.754
0.372,1.478,-2.0943,1.0083,-0.8647,2.5598,-1.84,-1.0577
1.6482,0.8004,0.32,-2.8024,-0.3138,2.1651,-1.9539,-2.4582
0.0467,2.0413,-1.7475,1.3691,-0.6007,0.6462,-0.3902,-1.3021
1.9341,-0.1023,2.5186,-3.7084,0.6392,0.6154,-0.2687,-1.6332
-2.8141,-2.1319,-1.0865,2.6302,0.3233,-4.0609,2.9213,2.3049
-0.0124,2.0491,-2.012,1.533,0.0622,-0.0408,-0.9334,-0.361
2.0014,-1.1378,2.5094,-3.4193,1.168,1.2801,-0.6822,-0.1705
0.6081,-0.709,0.2091,-0.5518,1.5004,-0.6718,0.472,0.76
0.2545,0.9702,-0.6282,-0.5248,-0.6016,0.9023,-1.5904,-1.0114
1.0143,-1.4277,2.0132,-1.1188,1.6327,-0.0354,0.4378,1.8388
1.2022,1.6183,-0.0998,-0.9343,0.0093,0.7254,-0.0223,-2.221
1.815,0.2541,1.6032,-1.7149,1.0861,1.2023,-0.7476,0.1125
1.2804,-2.271,2.3194,-1.6056,2.6349,-0.9117,1.5885,2.0539
-2.069,-0.321,-1.0635,1.1356,-2.471,0.4916,-1.5409,0.1396
-1.7765,0.3861,-0.5367,0.8449,-2.4585,-0.0053,-0.8609,-0.6474
0.3837,1.5388,-0.7602,-0.9567,0.1707,-0.3174,-2.4411,-0.5639
3.1878,2.918,0.0322,-2.3678,2.4763,-0.1803,-0.2506,-2.5686
-5.0837,-0.3568,-2.0055,4.1709,-4.5179,-1.1532,-1.7264,1.8911
0.0275,0.5142,-1.5325,0.6296,-1.5764,3.1617,-1.7686,-1.0729
-5.0519,-3.5905,-1.1416,2.2308,-3.2999,-3.3736,3.2249,0.1468
-2.1966,0.9976,-1.4855,2.6181,-3.3326,0.7324,0.3128,-1.3877
0.1296,0.6415,-0.2598,-1.0214,-0.0821,-0.1,-1.9774,-0.2526
-1.7083,-0.1724,-1.7172,1.7447,-2.8038,2.2232,-1.5957,-0.2905
-0.3425,-1.4477,1.237,-1.4986,-0.6029,-0.6027,1.5575,-1.1834
0.0817,-0.9716,0.5224,0.4483,1.6572,-1.2811,0.6769,2.2681
2.7479,-0.2479,2.2178,-2.8483,2.2231,1.308,-0.8299,0.4207
-0.2352,1.814,-1.8513,1.1826,-1.024,0.9478,-1.1861,-1.1702
0.5589,0.51,0.0547,-1.705,-0.8784,1.5642,-2.0525,-1.4598
-0.4921,1.0642,-2.0613,2.2156,-1.4102,1.9256,-0.1503,-0.9456
0.1942,-2.0645,2.3431,-1.0917,1.0062,-0.7459,0.96,1.8753
-3.5916,0.2944,-1.5217,2.844,-2.5061,-3.4606,2.0417,-0.5972
-2.6759,0.4986,-2.5827,3.2019,-2.4148,0.3955,-2.3733,1.403
-3.0342,-0.7643,-2.5573,3.3919,-3.5961,2.4766,-2.6011,1.4284
-2.138,-1.5127,-0.0487,1.1026,-1.0338,-1.976,1.5884,0.6992
0.3182,-1.859,1.9709,-1.3096,1.4015,-1.4338,1.4163,1.3175
0.2829,-1.7612,1.4894,-0.4666,1.1772,-0.417,0.9228,1.8191
-2.2757,-4.0795,2.9341,-0.7982,-2.0578,-0.8206,2.1331,1.1203
2.6705,2.1808,-0.5126,-1.8867,1.8171,0.9952,-1.3184,-1.8388
-0.1709,-0.9235,0.6661,-0.3769,0.1397,-0.5924,1.0953,0.0673
-1.7636,-0.4154,-0.8458,0.9203,-2.8588,1.7103,-1.8219,-0.1671
3.0203,-2.3597,2.3529,-2.2572,5.1426,-0.5585,1.0198,3.3699
0.5289,2.9672,-2.2834,2.065,0.3957,0.1383,-0.2237,-0.9255
1.7304,1.9676,-0.7482,-0.7723,0.9131,0.6431,-0.048,-2.1152
-2.99,0.002,-1.8762,2.9053,-3.9102,1.2155,-0.7554,-0.3948
0.689,-2.4541,1.5716,-1.2276,2.7453,-2.1092,2.2831,1.8676
0.5619,1.7566,-0.5496,-0.2363,-0.4976,0.3755,0.1014,-2.2221
0.4243,-0.1051,2.0515,-1.3786,-0.314,0.2081,-0.2137,-0.0615
-0.3385,1.0497,-2.7534,2.2687,-0.7414,2.1414,-1.8125,0.2348
-1.1597,1.2315,-1.2247,1.0088,-1.2992,-0.4039,-1.5498,-0.1774
1.4832,-1.0269,1.5227,-0.8096,2.9532,-1.0212,1.0444,2.1612
-0.9224,-1.3668,0.7232,0.3797,0.3053,-1.6191,1.0632,1.5259
-1.8647,0.3372,-2.0007,2.8999,-2.8804,2.0517,-0.5819,-0.353
-1.5064,-2.0367,1.0774,-0.1473,-0.668,-1.897,2.1554,0.2959
3.683,3.0534,0.2753,-2.7238,2.4864,0.5267,-0.2552,-2.9996
0.8719,-2.1784,1.3873,-1.2285,2.6898,-1.5995,1.6918,1.8539
2.319,-0.0375,2.5104,-1.7289,2.4029,0.1723,0.494,1.0417
1.1968,-2.3673,3.239,-1.8858,1.9163,-0.2264,1.1022,2.2116
4.7717,0.959,3.3805,-3.9423,3.2082,2.9668,-1.9047,0.3496
-0.5448,-1.0378,-0.6046,1.7849,2.1553,-2.6256,1.9046,2.6388
0.7023,-2.3721,2.3303,-2.107,1.3544,-0.7529,1.5756,0.7714
0.6763,1.4412,-0.6674,-0.3712,-0.6043,1.4127,-1.1013,-1.6446
-0.875,-0.2342,-0.4141,1.2902,1.2474,-3.3807,2.383,0.9667
-0.2564,-1.226,-0.1867,-1.2674,0.7385,-2.1045,1.8181,-1.0933
-3.0,-0.3865,-1.342,3.6107,-0.9255,-2.9825,1.5063,2.056
2.5835,-2.9663,4.2832,-4.721,2.0236,1.2691,0.5822,0.4747
1.1463,1.7276,-0.2154,0.4725,1.3379,0.1243,-1.1384,0.8797
0.0757,0.8094,0.3491,-1.5306,-1.2526,0.2543,-0.5818,-2.3065
0.0326,-1.7479,0.4251,-0.8955,1.1094,-1.2872,1.6394,0.2472
2.6251,0.6134,1.7961,-3.0539,2.3052,-0.2062,0.0494,-0.9164
-2.6222,-3.6685,0.8904,-0.1318,-1.3968,-2.2151,2.6664,0.4722
-0.6267,0.0157,-0.2881,-0.7595,-1.3419,0.6873,-2.1686,-0.4088
1.6766,-1.0975,2.1242,-3.2389,0.9383,0.705,0.1716,-0.9191
2.8902,1.0962,2.4207,-2.4514,0.8592,3.2171,-2.4777,0.0579
-0.9274,-0.2602,-0.2272,1.7462,1.0569,-2.8092,2.0703,1.5801
-1.0034,-2.5211,1.1107,-1.2013,-0.0432,-1.9437,2.1193,-0.0457
-0.0529,-0.2762,1.6597,-1.2894,-1.0833,0.4525,-0.2223,-0.6534
-1.7861,-0.3414,-1.9957,2.4771,0.0129,-2.081,1.1075,1.0858
-2.6672,-2.983,0.6598,-0.3452,-1.8647,-2.3433,2.598,-0.57
-1.2436,0.8308,-2.241,4.7541,2.6644,-3.9544,1.583,4.259
0.9136,1.3663,-0.629,-0.5972,-0.3235,1.2973,-0.6414,-1.942
2.1438,-2.2893,1.7306,-3.113,3.1375,-0.558,1.5068,0.3842
-0.2833,1.0848,-1.28,1.1753,-0.4921,0.2713,-0.2378,-0.5338
0.8672,1.8597,0.6111,-1.814,-0.2074,-0.6682,-0.1336,-2.5818
-2.2113,-0.1932,-1.1364,1.1888,-2.8812,1.0024,-2.4493,0.362
-2.3878,0.5649,-0.7166,1.3825,-2.0214,-1.738,-0.8542,0.306
-1.649,0.9289,-0.4095,1.1557,-2.1338,-1.1927,1.2685,-1.6883
2.4226,-2.6375,2.9435,-1.9416,3.9864,0.0339,0.9646,3.4747
-3.4109,0.3263,-2.7936,4.1367,-3.9388,1.3542,-1.5407,0.5871
-0.3545,0.5348,-1.5452,1.1929,-1.306,2.1724,-1.4002,-0.3983
-2.1969,0.4843,-1.3582,1.896,-2.3293,-0.2855,-0.9665,0.0469
-0.0584,1.2313,-0.7149,-0.2405,-0.293,-0.3041,-1.4074,-0.6312
-2.5974,-0.136,-0.1785,0.9895,-3.0979,-0.4223,-1.1481,-0.0207
1.8719,-0.972,2.4522,-1.6619,2.0698,0.4688,0.452,1.4354
1.5684,2.3437,-0.7501,-0.4616,1.2254,-0.4333,0.4559,-1.9821
2.4933,1.7196,-0.3541,-1.584,1.6853,1.0599,-0.5257,-1.7893
-2.112,-2.7168,-0.5538,0.9376,0.5597,-3.6619,3.099,1.207
0.2173,0.508,-0.3631,-0.4651,-1.0547,1.7822,-1.4757,-1.0194
-2.523,0.9126,-3.5764,5.3329,-2.1983,1.0205,-0.2065,1.1201
-1.3751,0.2501,-2.5844,2.6502,-1.8985,2.1997,-1.6081,0.3778
-1.7069,-2.1103,1.6618,0.2151,-1.1005,-1.4383,1.8622,0.9702
2.5113,-0.644,2.7415,-1.8635,3.0307,0.174,0.3632,1.9399
1.2929,-1.4684,2.6666,-0.9395,2.7788,-1.3854,1.7083,2.573
0.1781,0.4827,-1.5655,0.2331,-1.3354,3.1734,-2.4544,-0.842
1.6514,-0.7363,2.8939,-3.6439,0.2458,0.7939,0.3574,-1.6406
-2.8366,-0.6498,-0.6405,3.5482,-1.0378,-2.3588,1.385,2.5291
0.542,1.4469,-1.1701,0.3629,-0.3014,1.1937,-0.7993,-1.2059
1.6349,-0.6088,1.1928,-1.3502,2.3818,-0.4317,0.6547,0.9015
2.143,1.8099,-0.5319,0.2698,3.0055,-0.2737,-0.4927,1.058
-1.3413,0.3803,-0.9275,0.5765,-1.9722,0.5414,-1.7789,-0.3297
-2.2352,1.2005,-3.447,4.4516,-2.5244,1.4379,-0.7893,0.2315
-0.2381,1.1318,-1.1753,1.1725,-0.6156,0.363,0.093,-0.8334
0.5423,0.2085,0.5929,-0.0401,0.2692,0.9474,-1.0598,0.9753
0.266,1.4244,-0.4186,0.395,-0.0472,-0.3467,0.4827,-1.1014
-1.6175,-1.992,-0.3489,0.967,0.7103,-3.2949,2.9087,1.0678
1.4668,-0.5222,1.7804,-0.7978,1.7559,0.5283,-0.0805,1.7713
-0.5601,-0.7462,0.5995,1.3007,1.1108,-1.6036,0.7078,2.7701
-1.3735,0.7772,-0.8023,0.4568,-1.5287,-0.5441,-1.8893,-0.0427
1.6816,0.0843,2.2478,-1.6121,1.0762,0.9499,-0.5764,0.6914
0.6769,2.1543,-2.6349,2.1873,0.688,0.8239,0.0241,-0.6507
-0.1453,1.558,-1.4761,1.2276,-1.1809,1.3732,-0.7013,-1.2412
-2.2791,0.7958,-3.1805,4.102,-2.5825,1.6707,-1.3677,0.6451
2.1677,2.6297,-0.0513,-1.1168,0.9598,0.3258,0.8347,-2.9767
0.357,0.383,-1.0012,0.3121,-0.2622,1.6014,-0.944,-0.4109
2.596,2.9895,-0.1946,-1.1509,1.6206,-0.1205,1.4332,-3.2713
1.4168,2.84,-2.5304,2.5228,0.7048,1.7046,1.2118,-1.7071
0.8992,2.0044,-1.2239,1.0718,-0.4278,1.5195,1.1573,-2.4322
0.0383,0.3683,0.5368,-0.5585,-0.1347,-0.5853,0.1323,-0.5175
0.4782,1.9096,-0.91,0.5806,0.3798,-0.5622,0.2845,-1.0979
-0.0002,1.371,-0.4266,-0.1781,-0.9041,0.1659,-0.3766,-1.6919
-1.0915,0.8041,-1.9699,1.7978,-1.5042,1.0527,-1.4324,-0.0977
1.1438,-0.4541,1.3057,-0.8377,2.123,-0.9723,0.6242,1.3876
1.7006,2.8026,-1.8479,0.481,1.2309,0.6572,-0.3891,-1.6447
-0.392,-0.6103,-0.2285,0.7054,0.2667,-0.2186,0.0548,1.151
1.6831,0.8679,1.2492,-3.5345,0.2803,0.6255,-1.8035,-2.0532
0.2287,-2.4678,1.934,-2.7562,0.336,-0.8539,1.8426,-0.9336
-1.0106,0.6386,0.0312,-0.7886,-1.9668,-0.2207,-1.3976,-1.3914
-0.6962,1.6324,-1.3028,1.9808,-1.5661,0.3372,1.3576,-1.9104
0.7184,-1.2859,1.8603,-1.6532,1.0864,-0.683,1.1023,0.3872
1.7595,1.0392,0.1256,-1.7817,1.0621,0.8186,-1.1767,-1.0973
-1.4938,0.2344,0.1035,-0.1263,-2.3152,-0.3431,-0.5782,-1.1774
-0.4903,0.7533,-0.7318,0.2465,-1.1625,0.4739,-0.9074,-0.8953
-1.6463,0.6493,-1.6147,2.436,-2.4474,0.9832,0.2636,-0.9012
2.5894,1.3117,0.4797,-2.8309,1.1884,1.4922,-1.1654,-2.2001
0.2029,-0.8818,0.7156,0.5741,0.9588,0.1964,-0.0447,2.2562
-1.1876,-2.0555,0.751,0.6309,0.7771,-2.5225,2.1811,1.9212
0.9385,1.1027,-0.245,-1.1661,0.0935,0.647,-0.9695,-1.4708
-1.1567,-1.2379,1.3797,-1.0328,-1.043,-1.6679,1.3846,-0.6636
0.8494,0.8433,1.1341,-1.2169,-0.0386,0.3775,-0.4713,-0.8048
-1.0985,-1.1083,-1.36,2.0799,1.6261,-2.6744,1.6691,2.3264
2.4149,1.5612,0.938,-3.1337,0.5239,1.4235,-0.976,-2.9076
-1.5615,0.2876,-0.5576,1.2405,-1.5577,-0.8118,0.3341,-0.3211
2.8974,-3.4096,4.6053,-4.6712,2.914,1.0911,0.6615,1.5724
-3.907,-0.3078,-2.5211,4.3218,-4.0886,1.084,-1.6508,1.4188
-1.0663,0.1447,0.7239,-0.7671,-2.4419,0.2659,-0.4505,-1.6664
-0.9364,0.38,-1.2585,1.2619,-1.8871,1.53,-0.7535,-0.7347
-0.4719,-0.3787,-0.9389,2.1524,1.7888,-1.9381,1.2163,2.5
1.2578,-2.5747,4.2045,-4.5691,0.3373,0.0033,1.5003,-1.1418
3.2662,-0.6156,2.943,-2.9113,3.6832,0.2729,0.1458,1.5084
-1.1848,0.3619,-0.7014,0.8655,-2.6566,1.5057,-0.3684,-1.5182
1.0364,1.3468,-0.7631,-0.9265,-0.4765,1.9395,-1.5958,-1.8995
-0.4291,-0.7067,1.8926,-2.2237,-1.7341,-0.1099,0.4439,-1.9762
-0.214,1.7623,-1.6674,2.2133,-0.5159,0.1627,1.2529,-1.2264
0.9992,2.2993,-2.2684,1.0847,0.2475,1.5541,-0.9913,-1.3384
0.3915,0.1931,1.0387,0.4927,0.813,-0.2687,0.1528,1.5578
-0.0639,0.6857,-0.6336,-0.6946,-1.2167,1.2643,-1.9435,-1.2138
-3.4024,0.0136,-3.464,4.6956,-4.0259,2.4464,-1.9985,0.9711
1.5641,1.0636,1.193,-1.3879,1.1012,-0.0516,0.0311,-0.6471
3.728,0.0063,4.1561,-4.0907,1.6801,3.0953,-1.5325,0.0795
0.6618,1.5437,-1.2793,0.0063,-0.321,1.2205,-0.9221,-1.6457
0.1242,-0.9092,0.3426,-1.3918,0.8307,-1.8014,1.7901,-1.0507
-2.4882,0.9492,-2.8821,3.9594,-2.9726,1.3048,-0.9944,0.1582
-0.162,1.2106,-0.0953,-0.9994,-0.0926,-1.5755,-1.0785,-0.8423
3.6132,0.3573,2.8544,-3.4252,2.8681,1.3482,-0.7861,0.2254
0.8646,0.9207,-0.0627,-1.5102,-0.1821,0.9435,-1.558,-1.3952
1.5629,-0.121,2.8964,-3.1775,0.1949,0.5658,0.112,-1.3526
-1.0614,0.7111,-2.473,2.5576,-1.7596,2.0295,-0.9995,-0.2621
-0.9748,-1.8791,-0.423,2.0464,2.3625,-3.3157,2.6953,3.2766
0.4173,-1.3351,1.3243,-0.5778,1.548,-1.1886,1.363,1.3859
0.4207,-1.4773,-0.08,1.0525,3.2041,-1.993,1.6037,3.2613
-0.6628,-0.9188,0.4361,-0.0444,-0.2445,-0.8784,0.9941,0.1471
0.1799,-0.8381,-0.0336,-0.9015,0.4976,-0.3371,0.3637,-0.3106
-0.5422,1.2137,0.0203,-0.3671,-1.0941,-0.9499,-0.233,-1.4774
-3.4643,-2.0664,-1.9855,2.9914,-0.4994,-4.2083,3.3395,1.235
2.3575,-2.9895,3.9529,-5.1355,1.7548,0.5575,1.5239,-0.88
0.3909,0.0288,0.5779,-0.6028,0.0118,0.3003,0.0453,-0.3438
-0.6478,0.5564,-1.4237,2.5653,1.2384,-1.7457,0.5402,2.1053
1.4776,2.2991,-0.8737,-0.5639,1.0083,-0.0028,-0.517,-1.6611
1.1757,-2.567,3.4434,-1.7023,1.9414,0.1032,0.6956,2.917
-0.4317,-1.6798,0.5378,0.7057,1.4549,-1.5911,1.2061,2.5567
-1.7218,0.3872,-1.4199,2.6487,-0.4017,-1.9486,1.0734,0.9258
-2.8979,-0.605,-0.2238,0.7125,-2.9726,-0.7574,-2.0238,0.7469
-3.8168,-0.0578,-3.4813,5.1465,-4.0498,1.8741,-1.8767,1.4927
-2.8929,-1.1081,-1.044,2.2063,-2.0147,-1.3513,0.5533,0.9248
3.2144,2.0724,0.3612,-3.415,2.1842,0.7067,-1.6871,-2.2161
0.4624,2.0618,-0.8933,0.6239,-0.425,0.3142,0.5307,-2.006
1.1788,0.8944,0.4854,-1.7903,0.2316,0.4381,-0.5163,-1.6926
2.7438,1.4634,1.1935,-4.5948,1.1314,0.8155,-2.309,-2.7236
1.9902,-1.1006,3.1419,-3.8228,0.8387,1.0241,-0.0057,-0.8334
-5.0313,-0.8739,-2.643,5.15,-5.2597,1.1421,-1.4603,1.6822
-0.9403,2.1498,-2.2858,3.2377,-1.0836,-0.1956,1.2376,-1.0962
-3.3443,0.3375,-4.5185,6.319,-3.9226,3.0533,-0.715,0.7488
1.254,-1.5739,2.6958,-3.4432,1.0164,-0.6674,1.409,-1.0051
1.3208,3.0791,0.1383,-0.9661,0.7109,-1.7753,1.3789,-3.0992
-3.3951,0.6616,-2.5728,5.0564,-1.2293,-2.9787,1.1871,2.0963
0.7133,-0.0031,1.5502,-1.2554,-0.4299,1.3712,-0.8995,-0.1535
2.7483,-1.4882,1.6126,-1.5346,4.4417,-0.1962,0.724,2.7595
0.0029,-0.6156,1.1714,0.3488,1.1094,-1.3048,0.9651,1.8275
0.8784,-1.1404,2.1572,-2.2975,0.8985,-0.7485,1.2379,-0.3835
0.0067,-1.8832,1.4563,-0.8418,1.1807,-1.5922,1.9569,0.9719
1.1373,2.0755,-1.4776,0.5667,-0.647,2.4651,-0.1536,-2.5585
-0.3017,1.5374,-1.6891,1.1444,-0.2588,-0.1031,-1.1115,-0.2771
-0.9678,-2.7161,0.3735,-0.9577,0.0027,-1.4546,2.1241,-0.2436
-1.1449,0.1109,-1.4397,1.4894,-1.6831,1.273,-0.9616,-0.1129
-1.0483,-0.9426,-0.5067,1.5437,1.5651,-3.229,1.8721,2.1679
-0.1228,-0.1901,1.3195,-2.7005,-1.4747,0.5464,-2.2638,-1.1994
0.3103,1.728,-1.8457,1.236,-1.0252,1.9756,-0.2748,-1.9321
-0.6018,0.7544,-2.584,2.3222,-1.8338,3.2329,-1.6461,-0.4364
1.5713,0.7404,-0.0735,2.375,4.1678,-1.1286,0.3012,4.5997
-2.0133,-2.1516,0.8712,-0.0863,-0.8433,-2.861,2.7645,-0.0624
0.549,1.7185,-1.654,1.6561,0.2012,0.7999,0.5952,-0.9743
0.3993,0.131,0.8922,0.416,1.4233,-1.3215,0.8595,1.5032
3.2064,-2.2499,5.0754,-5.5437,1.4505,2.4927,-0.3821,-0.2195
-2.0411,0.1446,-0.7751,0.6408,-2.1055,-0.6044,-1.9311,0.2575
2.6727,-0.7048,3.6361,-4.4008,1.4782,0.8185,0.1374,-1.0173
-0.0722,0.0444,0.9016,-1.3534,-0.3208,-1.0838,0.508,-1.1815
-0.1938,0.3741,-0.9874,0.1306,-0.8345,1.1554,-1.3719,-0.5423
3.2797,2.5325,1.9061,-1.5641,1.7231,2.4362,-2.4614,0.4029
0.5834,-0.4182,1.5008,-0.4327,1.4675,-1.4216,1.4221,1.0212
0.8961,-1.6882,1.2102,-0.0412,3.0747,-1.4479,1.275,3.1773
-0.6767,0.25,-1.8969,3.0092,1.6469,-1.7372,0.6185,2.6437
-0.8241,0.6376,-2.1705,2.5447,-1.9405,2.7162,-0.7176,-0.4824
1.9546,2.123,0.2194,-1.9213,0.8022,0.1277,0.086,-2.8211
-1.6319,0.3736,-1.3311,2.2696,-2.1367,1.001,-0.6909,0.1838
1.2805,2.868,-1.9265,1.2012,0.9956,0.2401,0.3103,-1.5569
0.8279,1.5295,0.0335,-2.103,0.5688,-0.6106,-2.9754,-0.518
2.8031,3.2844,-0.0887,-1.5443,1.5979,-0.1161,1.2944,-3.7161
0.2559,1.6007,0.0306,-0.4664,-1.1668,0.2457,0.6731,-2.7776
1.0486,-1.8903,2.339,-1.1562,1.4058,0.8378,-0.0507,2.3542
2.4234,-1.6192,3.1558,0.7234,4.0437,1.6008,-0.7488,6.7214
-2.0112,0.6167,-1.4458,1.2278,-2.9009,0.8227,-2.2734,-0.4349
-0.3235,-0.587,0.0874,1.3231,2.0368,-2.7239,1.7126,2.4219
-0.8222,-1.9466,0.5202,-0.8764,0.3593,-2.2052,2.0617,-0.1299
-1.926,0.419,-2.985,3.7362,-2.1932,1.8586,-1.0748,0.6308
-1.4363,-0.321,-0.3304,1.8342,0.0385,-2.197,1.3899,1.3702
-0.401,0.7139,-1.4457,0.7037,-0.8644,1.1026,-1.8469,-0.135
-1.0242,-2.808,1.4836,0.1924,0.7871,-2.02,2.3084,2.2572
-0.3119,1.4689,-0.3952,-0.2358,-1.3655,0.2118,-1.0808,-1.5805
-1.2215,0.8402,-0.1851,0.622,-1.8364,-0.4404,-0.1868,-0.9445
0.1859,-0.188,0.8438,0.9871,0.6777,0.2959,-0.2239,2.2625
-1.5841,-2.6704,0.0946,1.5326,1.3671,-3.1809,2.8072,2.8663
-1.9975,-1.9754,-0.8609,2.0114,0.9011,-3.4594,2.5318,2.2321
-1.5497,0.6048,-3.1276,3.8601,-2.287,2.9065,-1.3493,0.4684
-0.8498,-4.3124,1.754,-1.7964,1.005,-2.4069,3.0739,0.9848
1.5319,2.5759,-1.5883,0.4702,0.762,0.7254,0.5035,-2.2924
-2.7434,-0.1505,-2.4719,4.144,-3.372,1.9469,-0.146,0.3398
-2.2162,0.3361,-1.4217,1.9762,-2.5433,0.1475,-0.9373,-0.0618
-1.3949,-2.1137,0.0253,1.4314,1.9731,-4.3206,3.387,2.5471
-0.3778,0.2855,-1.1183,0.2487,-1.6922,2.6113,-2.7934,-0.254
-1.3447,-3.7725,2.3603,-2.2617,-0.1672,-3.12,3.8611,-0.6021
-0.0028,1.0375,-0.9085,1.302,1.3335,-1.8431,0.6375,0.83
-1.7566,-2.477,0.6251,0.3066,0.3599,-3.5713,3.4519,0.7941
-2.1841,0.0946,-1.6197,2.0974,-2.9728,1.3281,-1.4634,-0.0443
0.4987,-0.9525,1.0438,-1.5135,1.0734,-1.3613,1.5369,-0.4245
0.7638,3.4411,-2.3806,2.5361,1.1725,0.1052,-1.6988,0.7678
-1.2121,1.0651,-0.5175,0.5847,-1.3489,-1.0651,-0.6781,-0.5622
0.9325,1.811,-0.0973,-1.0829,-0.2544,0.234,-0.1176,-2.4946
-2.2574,0.1058,-1.721,2.6171,-3.6482,2.0085,-0.2018,-1.0607
-3.2937,-1.336,-1.0034,1.5521,-4.4613,1.9982,-2.7366,0.5818
-1.221,0.6002,-1.9257,1.4502,-1.9474,1.5324,-2.1302,-0.1698
-0.4741,0.9322,-0.8114,0.6723,-1.8193,1.2694,-0.0544,-1.8178
-1.6863,0.6635,-2.8651,3.5813,-2.6341,2.3891,-0.2989,-0.5604
0.4614,1.0462,1.3779,-2.7687,-1.2221,-0.6264,0.6422,-3.7472
3.4616,-0.5775,1.0671,-1.3956,5.0466,0.1919,0.2956,2.5577
0.2323,-0.306,-0.1004,1.0679,2.2709,-1.9028,1.0072,2.3366
-0.9016,0.6185,-0.6941,0.1189,-1.6083,0.4355,-1.666,-0.6358
2.1549,2.1733,-0.0764,-2.1295,1.1675,0.5025,-1.439,-2.0098
-0.0361,-0.373,-0.4183,-0.2949,-1.2939,2.2878,-1.1494,-0.8025
-0.1607,1.5747,-0.492,0.4649,0.1639,-1.6335,0.3659,-0.6917
-1.0705,0.2992,-2.5164,3.144,-1.7754,2.6355,-0.5271,0.1101
-1.3962,-0.6301,0.2455,-1.5886,-2.4143,0.6469,-3.2598,-0.3679
0.0298,-0.0311,0.1005,-1.1025,0.0994,-1.1669,0.8605,-1.3925
0.2911,-0.1972,-1.1937,-0.1823,-1.4872,3.8813,-2.543,-0.7619
-0.0884,1.3628,-1.3709,0.929,-0.7182,0.7237,-0.4906,-1.0852
-3.8328,-0.5955,-2.4407,3.5978,-4.1554,1.3835,-2.5566,1.4563
-2.166,-1.183,-0.4236,2.5628,0.1018,-2.9661,2.1614,2.2635
0.4034,1.6154,-1.9765,1.0237,-1.5003,2.9644,-0.7095,-2.3574
-2.4384,-0.6009,-1.705,2.2287,-2.6031,1.0597,-1.8005,1.018
0.2685,-2.9953,2.0588,-1.6015,1.1546,-0.4071,1.2301,1.5735
0.3774,-1.5144,1.9672,-2.1659,0.4325,-0.9149,1.52,-0.5983
2.5496,2.2788,-0.0817,-1.8684,1.9541,-0.1619,0.1774,-2.3541
0.8193,1.0548,0.3507,-1.2413,-0.6431,0.9011,0.0227,-2.3509
0.0067,1.2947,-0.6244,-0.448,-0.7386,0.4461,-1.9825,-0.8438
0.1505,0.1905,0.7222,-2.694,-1.2921,0.9966,-3.0442,-1.2554
-1.6945,-2.9948,0.5809,1.4856,0.6752,-2.2941,2.7019,2.8173
0.5623,0.1614,0.8354,0.7178,1.3602,-0.3439,-0.0079,2.1525
3.4684,1.913,1.9441,-2.7108,2.1032,1.6031,-1.2671,-0.8345
0.1275,0.5307,-0.2323,1.8018,1.6975,-1.4035,0.7094,2.2297
-1.8279,-2.1421,0.8985,1.6505,0.1919,-2.418,2.2138,2.7342
0.2326,-1.2263,2.7498,-0.9644,0.1777,-0.0413,0.4913,1.4209
1.129,-0.3924,0.2377,-0.397,2.6794,-1.5182,1.1895,1.1308
2.2305,-2.2523,5.2744,-4.8126,0.9091,1.3554,-0.0049,0.3042
1.8123,1.6919,-0.3372,1.1434,2.8129,0.0925,-0.9474,2.3189
0.804,0.9351,0.0413,-2.095,-0.5514,1.0689,-2.133,-1.7861
0.2523,-1.2734,-0.1905,2.0359,3.842,-2.8659,2.0658,4.3306
1.3715,2.5573,0.237,-1.0407,1.3496,-2.0552,1.077,-2.0934
-1.2448,-3.3325,2.9099,-1.1056,-1.2265,-0.1218,1.2383,1.3303
-2.4146,-0.5781,-0.9101,0.9228,-3.193,1.0863,-2.5277,0.3298
0.0496,0.6152,-0.0957,-0.7297,0.106,-0.4738,-1.6056,0.1069
-1.7511,0.4097,-2.6632,3.009,-2.6219,2.3285,-1.226,-0.163
-2.1398,-2.5383,-0.9979,1.8123,0.9605,-3.5969,2.7711,2.1841
1.0336,-0.5479,2.4229,-1.5237,0.8925,0.0214,0.1461,0.8612
2.2604,1.3698,0.4902,-3.0214,1.55,0.1687,-1.4758,-1.7033
-1.7321,0.9085,-1.2319,1.6201,-2.161,-0.0498,-0.9173,-0.4087
-1.5865,-2.3555,-0.0166,0.4533,-0.082,-1.8843,1.8775,0.953
0.0596,0.7177,-0.2969,-0.8659,-0.8038,0.6278,-1.5518,-1.0786
-0.7638,1.0649,-1.3855,1.2119,-1.9765,1.473,-0.8007,-1.3261
1.1324,2.39,-0.9662,-0.1675,0.5767,-0.0104,-0.424,-1.7048
0.7745,1.4696,-0.6154,0.1242,-0.4375,1.1521,0.4892,-2.1087
0.7068,1.1994,-0.5495,-0.5145,-0.3832,1.0709,-0.5833,-1.7265
0.5895,-2.2033,2.3281,-0.8485,1.5019,-0.236,0.9888,2.3957
-0.5014,-2.4442,1.4256,0.2054,0.9186,-1.0109,1.5395,2.4316
1.9804,2.2662,-0.4389,-0.6662,0.9138,0.7924,0.4745,-2.3966
1.3411,-1.8661,1.9117,-2.125,2.3903,-0.9655,1.2732,1.0559
1.4099,-1.6106,1.6558,-0.4874,3.2569,-0.8551,0.9105,3.2216
-2.2905,-2.0946,0.3002,0.2511,-1.1081,-2.7125,2.4271,-0.0866
0.1151,-0.0466,1.23,-0.9974,-0.4609,-0.0417,0.1039,-0.5331
-0.5835,0.9474,-1.345,1.4641,-1.3413,1.3103,-0.86,-0.4815
1.7917,1.5975,0.2767,-2.5072,0.7872,0.3992,-1.5911,-1.9001
-2.7834,-1.8739,-0.6861,2.4548,-0.8692,-2.5154,2.2162,1.6729
-0.3517,0.0411,1.0101,-2.4444,-1.2292,-0.2375,-2.3518,-0.9109
0.6237,0.6905,-0.8894,-0.6321,0.1908,0.9648,-1.8571,-0.4418
-0.8188,0.6388,-0.8874,0.4939,-0.3687,-1.8055,1.1281,-1.1828
0.5017,0.6708,1.0643,-3.1061,-0.5299,-0.1689,-2.6025,-1.3662
0.7652,1.8543,-1.0413,0.1101,0.4663,-0.0974,-0.2494,-1.2978
0.4215,-2.4571,2.8971,-1.1802,1.5163,-1.0067,1.6473,2.2882
-2.5759,0.1404,-1.8798,2.5246,-3.5419,1.2927,-0.8229,-0.6212
1.7512,1.1474,-0.6585,-1.0864,0.4848,2.2753,-1.5474,-1.3669
-2.0505,0.488,-2.7278,3.878,-2.3585,1.8028,-1.0884,0.8282
0.5081,-1.9096,2.2935,-0.5251,1.6435,-0.5702,0.8366,2.7908
-1.7226,-1.1288,-1.3964,3.8832,1.85,-3.0823,1.6519,4.4447
-1.0286,-1.925,2.0138,-0.2256,-0.4584,-1.1181,1.3571,1.335
-1.6221,-0.7929,-1.5035,3.4325,1.7552,-3.5245,2.2363,3.2872
-0.4694,-1.4432,1.5661,-0.7135,-0.0471,-0.8705,0.7835,0.8319
0.2249,-0.2305,1.6574,-1.0396,0.126,-0.9453,1.1976,-0.4085
-0.0468,0.8781,-1.4546,1.0796,-1.6497,2.663,-0.5857,-1.5883
-3.2745,0.1596,-2.3352,3.2435,-3.8771,1.1535,-1.9681,0.4625
-2.0492,-1.5218,0.4387,1.2036,-0.095,-3.5735,2.979,1.0504
-1.5122,0.7119,-2.8042,3.6102,-2.2006,2.3245,-0.7431,0.0904
2.602,-0.2212,2.9955,-4.2251,1.0849,1.2256,-0.4027,-1.5205
-0.2682,-1.297,1.7315,-2.4938,-1.1065,-0.5176,1.1269,-2.0076
0.376,-1.0517,1.4402,0.0656,1.4985,-0.8107,0.8092,2.2521
-0.7795,-3.6248,0.4903,0.3698,2.7097,-3.5397,3.5182,2.9328
-1.4546,-3.127,1.617,0.8031,0.4357,-1.6587,1.8155,3.259
-1.8939,-0.6013,-0.1335,1.1937,-0.5663,-2.7445,1.581,0.6066
0.7421,1.6593,-1.3866,1.1139,0.1553,0.9,0.6417,-1.4058
0.2058,0.4487,0.2843,-1.6007,-1.1199,1.154,-2.0022,-1.2579
1.6616,-0.9533,1.258,-1.443,3.1876,-1.5156,1.3496,1.295
4.2249,-1.2845,3.9671,-4.5502,3.2789,2.5918,-0.8635,0.9235
0.084,1.704,-1.9286,1.3561,-0.1667,0.6902,-1.063,-0.467
-2.7931,0.3941,-2.6064,4.437,-3.9549,2.2707,0.2273,-0.5019
-0.1075,1.3269,-1.6788,1.1496,-0.997,1.616,-1.3395,-0.7814
-1.2178,2.1796,-2.968,3.7014,-1.6758,0.8844,-0.0586,-0.7453
-1.1714,-3.271,0.5315,1.2068,1.6625,-2.2577,2.2893,3.5838
-0.4773,0.3172,-1.4407,1.4351,-1.809,2.7763,-1.006,-0.6607
-1.8132,0.4886,-1.2846,1.3067,-1.9221,-0.0301,-1.9976,0.4314
-2.6375,-1.0989,-1.7839,4.0117,0.3922,-3.1079,1.8327,3.2517
-3.9806,-0.5155,-1.3023,2.8081,-4.7101,0.488,-1.2479,0.2354
-2.1572,1.266,-2.5102,3.1131,-2.1281,0.2325,-1.7367,0.6136
0.5879,0.3265,0.9292,2.2379,2.0849,-0.2212,-0.3368,4.3758
-1.2992,-2.2753,0.5708,1.0082,0.8883,-2.5605,2.5091,2.1745
-2.8807,0.401,-1.8798,3.0095,-2.7682,-0.3365,-0.8221,0.5418
